<?xml version="1.0" encoding="utf-16"?>
<cars>
  <car make="Opel" model="Astra" traveled-distance="516628215">
    <parts>
      <part name="Tappet" price="300.29" />
      <part name="Front Left Side Door Glass" price="100.92" />
      <part name="Fan belt" price="10.99" />
    </parts>
  </car>
  <car make="BMW" model="F20" traveled-distance="487897422">
    <parts>
      <part name="Door seal" price="444.99" />
      <part name="Exhaust clamp and bracket" price="140.99" />
      <part name="Resonator" price="106.99" />
      <part name="Window seal" price="100.99" />
      <part name="Water tank" price="100.99" />
      <part name="Rear Left Side Door Glass" price="100.66" />
      <part name="Oil pipe" price="100.29" />
      <part name="Engine valve" price="49.99" />
      <part name="Back Door Outer Door Handle" price="43.99" />
      <part name="Fender" price="10.34" />
      <part name="Drive belt" price="3.99" />
    </parts>
  </car>
  <car make="BMW" model="E67" traveled-distance="476830509">
    <parts>
      <part name="Overflow tank" price="1200.99" />
      <part name="Radiator pressure cap" price="600.99" />
      <part name="Sunroof Glass" price="205.24" />
      <part name="Grille" price="144.99" />
      <part name="Choke cable" price="130.99" />
      <part name="Door lock and power door locks" price="120.99" />
      <part name="Front Left Side Door Glass" price="100.92" />
      <part name="Front Right Side Door Glass" price="100.91" />
      <part name="Engine valve" price="49.99" />
      <part name="Fender" price="10.34" />
    </parts>
  </car>
  <car make="BMW" model="F25" traveled-distance="476132712">
    <parts>
      <part name="Fuel filter" price="162.99" />
      <part name="Radiator gasket" price="140.99" />
      <part name="Exhaust flange gasket" price="130.99" />
      <part name="Gudgeon pin" price="44.99" />
      <part name="Engine block" price="40.99" />
      <part name="Drive belt" price="3.99" />
    </parts>
  </car>
  <car make="BMW" model="M Roadster E85" traveled-distance="475685374">
    <parts>
      <part name="Door control module" price="421.99" />
      <part name="Radiator gasket" price="140.99" />
      <part name="Rear Left Side Outer door handle" price="120.99" />
      <part name="Fuel tank" price="100.98" />
      <part name="Rear Right Side Door Glass" price="100.90" />
      <part name="Heater" price="82.99" />
      <part name="Front Left Side Inner door handle" price="77.99" />
      <part name="Water pump" price="44.93" />
      <part name="Rear Right Side Window motor" price="22.99" />
      <part name="Hinge" price="11.99" />
      <part name="Turbocharger" price="0.40" />
    </parts>
  </car>
</cars>