<?xml version="1.0" encoding="utf-16"?>
<cars>
  <car>
    <make>BMW</make>
    <model>1M Coupe</model>
    <traveled-distance>39826890</traveled-distance>
  </car>
  <car>
    <make>BMW</make>
    <model>E67</model>
    <traveled-distance>476830509</traveled-distance>
  </car>
  <car>
    <make>BMW</make>
    <model>E88</model>
    <traveled-distance>27453411</traveled-distance>
  </car>
  <car>
    <make>BMW</make>
    <model>F04</model>
    <traveled-distance>418839575</traveled-distance>
  </car>
  <car>
    <make>BMW</make>
    <model>F04</model>
    <traveled-distance>443756363</traveled-distance>
  </car>
  <car>
    <make>BMW</make>
    <model>F20</model>
    <traveled-distance>487897422</traveled-distance>
  </car>
  <car>
    <make>BMW</make>
    <model>F20</model>
    <traveled-distance>284809463</traveled-distance>
  </car>
  <car>
    <make>BMW</make>
    <model>F20</model>
    <traveled-distance>401291910</traveled-distance>
  </car>
  <car>
    <make>BMW</make>
    <model>F25</model>
    <traveled-distance>476132712</traveled-distance>
  </car>
  <car>
    <make>BMW</make>
    <model>M Roadster E85</model>
    <traveled-distance>475685374</traveled-distance>
  </car>
</cars>