<?xml version="1.0" encoding="utf-16"?>
<Users>
  <count>54</count>
  <users>
    <User>
      <firstName>Dale</firstName>
      <lastName>Galbreath</lastName>
      <age>31</age>
      <SoldProducts>
        <count>9</count>
        <products>
          <Product>
            <name>Fair Foundation SPF 15</name>
            <price>1394.24</price>
          </Product>
          <Product>
            <name>Finasteride</name>
            <price>1374.01</price>
          </Product>
          <Product>
            <name>EMEND</name>
            <price>1365.51</price>
          </Product>
          <Product>
            <name>IOPE RETIGEN MOISTURE TWIN CAKE NO.21</name>
            <price>1257.71</price>
          </Product>
          <Product>
            <name>ESIKA</name>
            <price>879.37</price>
          </Product>
          <Product>
            <name>GOONG SECRET CALMING BATH</name>
            <price>742.47</price>
          </Product>
          <Product>
            <name>allergy eye</name>
            <price>426.91</price>
          </Product>
          <Product>
            <name>Allergena</name>
            <price>109.32</price>
          </Product>
          <Product>
            <name>Glyburide</name>
            <price>95.10</price>
          </Product>
        </products>
      </SoldProducts>
    </User>
    <User>
      <firstName>Crista</firstName>
      <lastName>Byrde</lastName>
      <age>37</age>
      <SoldProducts>
        <count>7</count>
        <products>
          <Product>
            <name>Glycopyrrolate</name>
            <price>1471.43</price>
          </Product>
          <Product>
            <name>Amitriptyline Hydrochloride</name>
            <price>1453.96</price>
          </Product>
          <Product>
            <name>Topical 60 Sec Sodium Fluoride</name>
            <price>1228.84</price>
          </Product>
          <Product>
            <name>Baza Antifungal</name>
            <price>1162.34</price>
          </Product>
          <Product>
            <name>GProducting Pains</name>
            <price>1077.37</price>
          </Product>
          <Product>
            <name>TYLENOL COLD MULTI-SYMPTOM DAYTIME</name>
            <price>1010.81</price>
          </Product>
          <Product>
            <name>Foaming Hand Sanitizer</name>
            <price>624.72</price>
          </Product>
        </products>
      </SoldProducts>
    </User>
    <User>
      <firstName>Freddy</firstName>
      <lastName>Duckit</lastName>
      <age>34</age>
      <SoldProducts>
        <count>6</count>
        <products>
          <Product>
            <name>cough and sore throat</name>
            <price>1482.68</price>
          </Product>
          <Product>
            <name>Pollens - Trees, Birch Mix</name>
            <price>1153.54</price>
          </Product>
          <Product>
            <name>PREMIER VALUE ALLERGY</name>
            <price>1127.61</price>
          </Product>
          <Product>
            <name>smart sense nighttime cold and flu relief</name>
            <price>1101.77</price>
          </Product>
          <Product>
            <name>Prostate</name>
            <price>716.05</price>
          </Product>
          <Product>
            <name>PRIMAXIN</name>
            <price>686.66</price>
          </Product>
        </products>
      </SoldProducts>
    </User>
    <User>
      <firstName>Pier</firstName>
      <lastName>Prosser</lastName>
      <age>48</age>
      <SoldProducts>
        <count>6</count>
        <products>
          <Product>
            <name>Flumazenil</name>
            <price>1151.37</price>
          </Product>
          <Product>
            <name>Ringers</name>
            <price>1054.37</price>
          </Product>
          <Product>
            <name>pain relief</name>
            <price>938.23</price>
          </Product>
          <Product>
            <name>Ketorolac Tromethamine</name>
            <price>608.18</price>
          </Product>
          <Product>
            <name>Agaricus Equisetum Special Order</name>
            <price>585.93</price>
          </Product>
          <Product>
            <name>Yellow Jacket hymenoptera venom Venomil Diagnostic</name>
            <price>23.58</price>
          </Product>
        </products>
      </SoldProducts>
    </User>
    <User>
      <firstName>Deeyn</firstName>
      <lastName>Lawlan</lastName>
      <age>38</age>
      <SoldProducts>
        <count>6</count>
        <products>
          <Product>
            <name>Extra Strength Pain Reliever PM</name>
            <price>542.72</price>
          </Product>
          <Product>
            <name>Peter Island Continous sunscreen kids</name>
            <price>471.30</price>
          </Product>
          <Product>
            <name>CARBIDOPA AND LEVODOPA</name>
            <price>441.64</price>
          </Product>
          <Product>
            <name>Fluoxetine</name>
            <price>385.37</price>
          </Product>
        </products>
      </SoldProducts>
    </User>
    <User>
      <firstName>Evaleen</firstName>
      <lastName>Cund</lastName>
      <age>41</age>
      <SoldProducts>
        <count>6</count>
        <products>
          <Product>
            <name>Nevirapine</name>
            <price>1374.72</price>
          </Product>
          <Product>
            <name>NEO-POLY-BAC HYDRO</name>
            <price>967.32</price>
          </Product>
          <Product>
            <name>Homeopathic Rheumatism</name>
            <price>967.08</price>
          </Product>
          <Product>
            <name>ziprasidone hydrochloride</name>
            <price>628.66</price>
          </Product>
          <Product>
            <name>Labetalol hydrochloride</name>
            <price>436.38</price>
          </Product>
          <Product>
            <name>kirkland signature minoxidil</name>
            <price>49.17</price>
          </Product>
        </products>
      </SoldProducts>
    </User>
    <User>
      <firstName>Joan</firstName>
      <lastName>Nendick</lastName>
      <age>31</age>
      <SoldProducts>
        <count>6</count>
        <products>
          <Product>
            <name>Alcohol Free Antiseptic</name>
            <price>1486.07</price>
          </Product>
          <Product>
            <name>Warfarin Sodium</name>
            <price>1379.79</price>
          </Product>
          <Product>
            <name>CLARINS Ever Matte SPF 15 - 105 Nude</name>
            <price>696.06</price>
          </Product>
          <Product>
            <name>Topiramate</name>
            <price>578.77</price>
          </Product>
          <Product>
            <name>Lamotrigine Extended Release</name>
            <price>245.63</price>
          </Product>
        </products>
      </SoldProducts>
    </User>
    <User>
      <firstName>Jannelle</firstName>
      <lastName>Petrasch</lastName>
      <age>29</age>
      <SoldProducts>
        <count>6</count>
        <products>
          <Product>
            <name>Effervescent Cold Relief</name>
            <price>1436.07</price>
          </Product>
          <Product>
            <name>Gemcitabine</name>
            <price>594.79</price>
          </Product>
          <Product>
            <name>Gehwol med Lipidro</name>
            <price>421.24</price>
          </Product>
          <Product>
            <name>Fexofenadine HCl and Pseudoephedrine HCI</name>
            <price>73.07</price>
          </Product>
          <Product>
            <name>ORCHID SECRET PACT</name>
            <price>59.53</price>
          </Product>
        </products>
      </SoldProducts>
    </User>
    <User>
      <firstName>Iseabal</firstName>
      <lastName>Hallam</lastName>
      <age>22</age>
      <SoldProducts>
        <count>5</count>
        <products>
          <Product>
            <name>Ranitidine</name>
            <price>926.64</price>
          </Product>
          <Product>
            <name>Protonix</name>
            <price>466.70</price>
          </Product>
          <Product>
            <name>Air</name>
            <price>331.53</price>
          </Product>
          <Product>
            <name>Buprenorphine hydrochloride and naloxone hydrochloride dihydrate</name>
            <price>293.33</price>
          </Product>
        </products>
      </SoldProducts>
    </User>
    <User>
      <firstName>Crystie</firstName>
      <lastName>Feronet</lastName>
      <age>29</age>
      <SoldProducts>
        <count>5</count>
        <products>
          <Product>
            <name>Megestrol Acetate</name>
            <price>976.15</price>
          </Product>
          <Product>
            <name>Glipizide and Metformin Hydrochloride</name>
            <price>953.60</price>
          </Product>
          <Product>
            <name>Aquafresh</name>
            <price>849.93</price>
          </Product>
          <Product>
            <name>Warfarin Sodium</name>
            <price>138.83</price>
          </Product>
        </products>
      </SoldProducts>
    </User>
  </users>
</Users>