<?xml version="1.0" encoding="utf-16"?>
<Categories>
  <Category>
    <name>Garden</name>
    <count>23</count>
    <averagePrice>800.150869</averagePrice>
    <totalRevenue>18403.47</totalRevenue>
  </Category>
  <Category>
    <name>Weapons</name>
    <count>22</count>
    <averagePrice>671.073181</averagePrice>
    <totalRevenue>14763.61</totalRevenue>
  </Category>
  <Category>
    <name>Adult</name>
    <count>22</count>
    <averagePrice>775.587272</averagePrice>
    <totalRevenue>17062.92</totalRevenue>
  </Category>
  <Category>
    <name>Drugs</name>
    <count>22</count>
    <averagePrice>882.201363</averagePrice>
    <totalRevenue>19408.43</totalRevenue>
  </Category>
  <Category>
    <name>Other</name>
    <count>19</count>
    <averagePrice>765.353157</averagePrice>
    <totalRevenue>14541.71</totalRevenue>
  </Category>
  <Category>
    <name>Autoparts</name>
    <count>17</count>
    <averagePrice>761.725294</averagePrice>
    <totalRevenue>12949.33</totalRevenue>
  </Category>
  <Category>
    <name>Business</name>
    <count>17</count>
    <averagePrice>823.302941</averagePrice>
    <totalRevenue>13996.15</totalRevenue>
  </Category>
  <Category>
    <name>Fashion</name>
    <count>16</count>
    <averagePrice>780.976875</averagePrice>
    <totalRevenue>12495.63</totalRevenue>
  </Category>
  <Category>
    <name>For Children</name>
    <count>14</count>
    <averagePrice>685.148571</averagePrice>
    <totalRevenue>9592.08</totalRevenue>
  </Category>
  <Category>
    <name>Electronics</name>
    <count>14</count>
    <averagePrice>737.918571</averagePrice>
    <totalRevenue>10330.86</totalRevenue>
  </Category>
  <Category>
    <name>Sports</name>
    <count>14</count>
    <averagePrice>750.641428</averagePrice>
    <totalRevenue>10508.98</totalRevenue>
  </Category>
</Categories>